{"accuracy": [0.8378626108169556, 0.9212213754653931, 0.9291602969169617, 0.9526717662811279, 0.9633587598800659, 0.9676336050033569, 0.9786259531974792, 0.9810687303543091, 0.9853435158729553, 0.9896183013916016], "loss": [0.36705002188682556, 0.20797275006771088, 0.19092679023742676, 0.13195857405662537, 0.103240966796875, 0.08558645844459534, 0.05933476239442825, 0.052841026335954666, 0.04016377776861191, 0.031046804040670395], "val_accuracy": [0.8949939012527466, 0.9255189299583435, 0.9426129460334778, 0.9621489644050598, 0.9328449368476868, 0.9560439586639404, 0.9694749712944031, 0.9621489644050598, 0.9597069621086121, 0.9670329689979553], "val_loss": [0.26804694533348083, 0.20781876146793365, 0.1582324057817459, 0.11554613709449768, 0.17724190652370453, 0.10200272500514984, 0.09852088987827301, 0.10102776437997818, 0.12321138381958008, 0.12789572775363922]}