{"accuracy": [0.6659541726112366, 0.7816793918609619, 0.8668702244758606, 0.8876335620880127, 0.8906870484352112, 0.8864122033119202, 0.8992366194725037, 0.9025954008102417, 0.9022901058197021, 0.9074808955192566], "loss": [0.6448869705200195, 0.49519869685173035, 0.352721631526947, 0.3020554482936859, 0.2937527894973755, 0.2949317991733551, 0.2640017569065094, 0.2524574100971222, 0.24691008031368256, 0.23908831179141998], "val_accuracy": [0.7435897588729858, 0.8815628886222839, 0.8888888955116272, 0.7765567898750305, 0.8840048909187317, 0.8901098966598511, 0.8754578828811646, 0.8937729001045227, 0.8937729001045227, 0.9084249138832092], "val_loss": [0.5648877024650574, 0.34368059039115906, 0.30393552780151367, 0.5065661072731018, 0.3100758194923401, 0.2764662802219391, 0.2997055947780609, 0.27906641364097595, 0.2868154048919678, 0.23866260051727295]}