{"accuracy": [0.8155725002288818, 0.9047328233718872, 0.9160305261611938, 0.9297710061073303, 0.9374045729637146, 0.9514504075050354, 0.9615266919136047, 0.9758778810501099, 0.9832060933113098, 0.9874809384346008], "loss": [0.5630017518997192, 0.2704998850822449, 0.22385120391845703, 0.17636288702487946, 0.17040951550006866, 0.13303643465042114, 0.10902153700590134, 0.08348147571086884, 0.058895044028759, 0.042030565440654755], "val_accuracy": [0.8827838897705078, 0.9035409092903137, 0.9072039127349854, 0.9035409092903137, 0.9291819334030151, 0.9316239356994629, 0.9377289414405823, 0.949938952922821, 0.9523809552192688, 0.9658119678497314], "val_loss": [0.3029196560382843, 0.27208253741264343, 0.22730548679828644, 0.22646859288215637, 0.17628934979438782, 0.16391728818416595, 0.15628646314144135, 0.12189224362373352, 0.11246610432863235, 0.10504915565252304]}