{"accuracy": [0.8338931202888489, 0.9264122247695923, 0.9432061314582825, 0.9557251930236816, 0.959389328956604, 0.9679389595985413, 0.9801526665687561, 0.9868702292442322, 0.9920610785484314, 0.9911450147628784, 0.9957252144813538, 0.9993892908096313, 0.9990839958190918, 0.9996946454048157, 1.0, 1.0, 1.0, 1.0, 1.0, 1.0, 1.0, 1.0, 1.0, 1.0, 1.0], "loss": [0.37703582644462585, 0.19745320081710815, 0.15390446782112122, 0.1264704465866089, 0.10725820809602737, 0.08338715881109238, 0.05342107638716698, 0.03566328063607216, 0.026098359376192093, 0.02973548322916031, 0.014551568776369095, 0.003634873777627945, 0.0030688713304698467, 0.0016395667335018516, 0.000528899603523314, 0.00023536103253718466, 0.00016038428293541074, 0.00012215619790367782, 0.00010202090925304219, 8.706277731107548e-05, 7.614124479005113e-05, 6.758026574971154e-05, 6.019275315338746e-05, 5.406335185398348e-05, 4.9036407290259376e-05], "val_accuracy": [0.9096459150314331, 0.9255189299583435, 0.9194139242172241, 0.9462759494781494, 0.9584859609603882, 0.9536019563674927, 0.9621489644050598, 0.970695972442627, 0.9560439586639404, 0.9609279632568359, 0.9743589758872986, 0.970695972442627, 0.9743589758872986, 0.9719169735908508, 0.9755799770355225, 0.9768009781837463, 0.9755799770355225, 0.9755799770355225, 0.9768009781837463, 0.9768009781837463, 0.9768009781837463, 0.9768009781837463, 0.9768009781837463, 0.9768009781837463, 0.9768009781837463], "val_loss": [0.23445500433444977, 0.18863433599472046, 0.21200047433376312, 0.14617793262004852, 0.11698674410581589, 0.12963922321796417, 0.10753617435693741, 0.10501650720834732, 0.14872147142887115, 0.12228873372077942, 0.09954599291086197, 0.14218249917030334, 0.1197281926870346, 0.1493031531572342, 0.137907475233078, 0.14466959238052368, 0.14876830577850342, 0.1511123776435852, 0.15467719733715057, 0.15540115535259247, 0.15623362362384796, 0.15763071179389954, 0.1589440554380417, 0.1621013581752777, 0.16192710399627686]}