{"accuracy": [0.802442729473114, 0.9212213754653931, 0.951755702495575, 0.9645801782608032, 0.9679389595985413, 0.970076322555542, 0.9758778810501099, 0.9795419573783875, 0.9774045944213867, 0.9908397197723389, 0.9673282504081726, 0.9853435158729553, 0.9887022972106934, 0.9563359022140503, 0.985954225063324, 0.9880915880203247, 0.9926717281341553, 0.9728244543075562, 0.9920610785484314, 0.9972519278526306, 0.9899236559867859, 0.9984732866287231, 0.9978625774383545, 0.9941985011100769, 0.9954198598861694], "loss": [0.4442824125289917, 0.20063264667987823, 0.13692723214626312, 0.09934299439191818, 0.09836286306381226, 0.08049356192350388, 0.06840663403272629, 0.055190104991197586, 0.052940383553504944, 0.02520597353577614, 0.09143766015768051, 0.04052227362990379, 0.032906148582696915, 0.11611103266477585, 0.03611766919493675, 0.03644372895359993, 0.019671643152832985, 0.07916177809238434, 0.021569767966866493, 0.011782624758780003, 0.0236472487449646, 0.00590654369443655, 0.006225432734936476, 0.016883106902241707, 0.014920460060238838], "val_accuracy": [0.4383394420146942, 0.4383394420146942, 0.4383394420146942, 0.4383394420146942, 0.4383394420146942, 0.4383394420146942, 0.4383394420146942, 0.4383394420146942, 0.4383394420146942, 0.4383394420146942, 0.4383394420146942, 0.4383394420146942, 0.4383394420146942, 0.4383394420146942, 0.4383394420146942, 0.4383394420146942, 0.4383394420146942, 0.4383394420146942, 0.4383394420146942, 0.4383394420146942, 0.4383394420146942, 0.4383394420146942, 0.4383394420146942, 0.4383394420146942, 0.4383394420146942], "val_loss": [0.6950063705444336, 0.7109246850013733, 0.7178256511688232, 0.7320228815078735, 0.8130117654800415, 0.8645408749580383, 1.0566747188568115, 1.1245909929275513, 1.1937336921691895, 1.3675442934036255, 1.148095965385437, 1.3855730295181274, 1.6310080289840698, 1.4310343265533447, 1.6829007863998413, 1.6035221815109253, 1.8826887607574463, 1.4023950099945068, 1.8270831108093262, 1.859078049659729, 1.7797703742980957, 2.1741175651550293, 2.3984122276306152, 2.1086480617523193, 2.355530261993408]}