{"accuracy": [0.7447327971458435, 0.9181679487228394, 0.9392366409301758, 0.932824432849884, 0.9670228958129883, 0.9746564626693726, 0.985038161277771, 0.9795419573783875, 0.9905343651771545, 0.9948091506958008, 0.9984732866287231, 0.9990839958190918, 1.0, 1.0, 1.0, 1.0, 1.0, 1.0, 1.0, 1.0, 1.0, 1.0, 1.0, 1.0, 1.0], "loss": [0.8958628177642822, 0.2149595469236374, 0.16079504787921906, 0.1738971322774887, 0.09472566843032837, 0.06237795203924179, 0.03827209770679474, 0.06339230388402939, 0.029961638152599335, 0.014472472481429577, 0.006723957601934671, 0.003897714661434293, 0.0014340722700580955, 0.0008624012698419392, 0.0003747932496480644, 0.0002249034441774711, 0.00017673257389105856, 0.00015257626364473253, 0.00012690476432908326, 0.00012194405280752108, 9.792065975489095e-05, 8.322184294229373e-05, 7.191489567048848e-05, 6.329360621748492e-05, 5.569608765654266e-05], "val_accuracy": [0.8888888955116272, 0.8986569046974182, 0.8620268702507019, 0.9255189299583435, 0.9523809552192688, 0.9487179517745972, 0.9548229575157166, 0.9413919448852539, 0.9536019563674927, 0.9462759494781494, 0.949938952922821, 0.9548229575157166, 0.9572649598121643, 0.949938952922821, 0.9584859609603882, 0.9560439586639404, 0.9536019563674927, 0.9560439586639404, 0.9536019563674927, 0.9584859609603882, 0.9536019563674927, 0.9548229575157166, 0.9560439586639404, 0.9560439586639404, 0.9548229575157166], "val_loss": [0.2667422890663147, 0.23300890624523163, 0.3150852620601654, 0.19982093572616577, 0.1522464007139206, 0.15102684497833252, 0.151530921459198, 0.20094305276870728, 0.16572220623493195, 0.21451498568058014, 0.21659454703330994, 0.2135569006204605, 0.22517050802707672, 0.24111755192279816, 0.2409936487674713, 0.24656300246715546, 0.25530025362968445, 0.25598379969596863, 0.25909578800201416, 0.25642552971839905, 0.264842689037323, 0.26794907450675964, 0.2686624228954315, 0.27247869968414307, 0.27477702498435974]}