{"accuracy": [0.7587786316871643, 0.8937404751777649, 0.9230534434318542, 0.9297710061073303, 0.936793863773346, 0.947786271572113, 0.9340457916259766, 0.9609160423278809, 0.9599999785423279, 0.9673282504081726, 0.9664121866226196, 0.9822900891304016, 0.9691603183746338, 0.9865648746490479, 0.9795419573783875, 0.9911450147628784, 0.9868702292442322, 0.9865648746490479, 0.9877862334251404, 0.9935877919197083, 0.9978625774383545, 0.9993892908096313, 0.9996946454048157, 1.0, 1.0], "loss": [0.5067591667175293, 0.28865090012550354, 0.21512795984745026, 0.18733368813991547, 0.16880594193935394, 0.14021989703178406, 0.16794027388095856, 0.11074565351009369, 0.1151408925652504, 0.09334815293550491, 0.08435914665460587, 0.05632643401622772, 0.08197805285453796, 0.037446919828653336, 0.053528618067502975, 0.029248466715216637, 0.042588260024785995, 0.0399036779999733, 0.039888896048069, 0.022241465747356415, 0.007409640122205019, 0.0025323363952338696, 0.001407533884048462, 0.00021943893807474524, 0.00012142926425440237], "val_accuracy": [0.8717948794364929, 0.9218559265136719, 0.9267399311065674, 0.930402934551239, 0.9450549483299255, 0.891330897808075, 0.94017094373703, 0.9548229575157166, 0.9462759494781494, 0.9597069621086121, 0.9682539701461792, 0.9645909667015076, 0.9633699655532837, 0.9474969506263733, 0.9621489644050598, 0.9633699655532837, 0.9560439586639404, 0.9633699655532837, 0.9340659379959106, 0.9694749712944031, 0.9670329689979553, 0.9670329689979553, 0.9621489644050598, 0.9609279632568359, 0.9609279632568359], "val_loss": [0.3029804825782776, 0.2195669263601303, 0.18917207419872284, 0.18106944859027863, 0.15482056140899658, 0.2738882899284363, 0.1612897366285324, 0.1349688172340393, 0.1518460363149643, 0.12769456207752228, 0.09698514640331268, 0.12308144569396973, 0.10817252099514008, 0.22543171048164368, 0.11213278770446777, 0.14281272888183594, 0.15419912338256836, 0.1283332109451294, 0.20031403005123138, 0.17510870099067688, 0.2087266594171524, 0.2524774372577667, 0.2370394617319107, 0.2633478343486786, 0.27669358253479004]}